type,name,module,path,hash
"csv","agent-manifest","_config","_config/agent-manifest.csv","7cfcd4edbda6dac35861e8faeb86d4b2997b57d5f8242ac9007dc2b099e96e17"
"csv","task-manifest","_config","_config/task-manifest.csv","bac7378952f0c79a48469b582997507b08cf08583b31b8aa6083791db959e0f0"
"csv","workflow-manifest","_config","_config/workflow-manifest.csv","5ae8d48e3d808edd297f4e343df333503a3b015f31d91b39340435f7d115fa66"
"yaml","manifest","_config","_config/manifest.yaml","9e8d636c65dc5e610faaf0fe6db63960659285db47b876c361cc218f9d60c2b5"
"md","documentation-standards","_memory","_memory/tech-writer-sidecar/documentation-standards.md","6e7ac71138275d95c3c9160f3dffe1d6c4cc77bb97231b60b5463a6cdf42adba"
"yaml","config","_memory","_memory/config.yaml","1924491130219034d47d2b072f5a1262bfd7b04b3b126ae617bb3796189c57df"
"csv","default-party","bmm","bmm/teams/default-party.csv","5af107a5b9e9092aeb81bd8c8b9bbe7003afb7bc500e64d56da7cc27ae0c4a6e"
"csv","documentation-requirements","bmm","bmm/workflows/document-project/documentation-requirements.csv","d1253b99e88250f2130516b56027ed706e643bfec3d99316727a4c6ec65c6c1d"
"csv","domain-complexity","bmm","bmm/workflows/2-plan-workflows/create-prd/data/domain-complexity.csv","f775f09fb4dc1b9214ca22db4a3994ce53343d976d7f6e5384949835db6d2770"
"csv","domain-complexity","bmm","bmm/workflows/3-solutioning/create-architecture/data/domain-complexity.csv","3dc34ed39f1fc79a51f7b8fc92087edb7cd85c4393a891d220f2e8dd5a101c70"
"csv","module-help","bmm","bmm/module-help.csv","70ce6fcf717801e5b3d47f4d0496b027c5dc4e1ce0a0508613f5a4abd828a354"
"csv","project-types","bmm","bmm/workflows/2-plan-workflows/create-prd/data/project-types.csv","7a01d336e940fb7a59ff450064fd1194cdedda316370d939264a0a0adcc0aca3"
"csv","project-types","bmm","bmm/workflows/3-solutioning/create-architecture/data/project-types.csv","12343635a2f11343edb1d46906981d6f5e12b9cad2f612e13b09460b5e5106e7"
"json","project-scan-report-schema","bmm","bmm/workflows/document-project/templates/project-scan-report-schema.json","53255f15a10cab801a1d75b4318cdb0095eed08c51b3323b7e6c236ae6b399b7"
"md","architecture-decision-template","bmm","bmm/workflows/3-solutioning/create-architecture/architecture-decision-template.md","5d9adf90c28df61031079280fd2e49998ec3b44fb3757c6a202cda353e172e9f"
"md","checklist","bmm","bmm/workflows/4-implementation/code-review/checklist.md","e30d2890ba5c50777bbe04071f754e975a1d7ec168501f321a79169c4201dd28"
"md","checklist","bmm","bmm/workflows/4-implementation/correct-course/checklist.md","24a3f3e0108398d490dcfbe8669afc50226673cad494f16a668b515ab24bf709"
"md","checklist","bmm","bmm/workflows/4-implementation/create-story/checklist.md","5154aa874c6a79285eba644493e87411c6021baff72859490db6e693d15e0bb9"
"md","checklist","bmm","bmm/workflows/4-implementation/dev-story/checklist.md","630b68c6824a8785003a65553c1f335222b17be93b1bd80524c23b38bde1d8af"
"md","checklist","bmm","bmm/workflows/4-implementation/sprint-planning/checklist.md","80b10aedcf88ab1641b8e5f99c9a400c8fd9014f13ca65befc5c83992e367dd7"
"md","checklist","bmm","bmm/workflows/document-project/checklist.md","581b0b034c25de17ac3678db2dbafedaeb113de37ddf15a4df6584cf2324a7d7"
"md","checklist","bmm","bmm/workflows/qa/automate/checklist.md","83cd779c6527ff34184dc86f9eebfc0a8a921aee694f063208aee78f80a8fb12"
"md","deep-dive-instructions","bmm","bmm/workflows/document-project/workflows/deep-dive-instructions.md","8cb3d32d7685e5deff4731c2003d30b4321ef6c29247b3ddbe672c185e022604"
"md","deep-dive-template","bmm","bmm/workflows/document-project/templates/deep-dive-template.md","6198aa731d87d6a318b5b8d180fc29b9aa53ff0966e02391c17333818e94ffe9"
"md","epics-template","bmm","bmm/workflows/3-solutioning/create-epics-and-stories/templates/epics-template.md","b8ec5562b2a77efd80c40eba0421bbaab931681552e5a0ff01cd93902c447ff7"
"md","full-scan-instructions","bmm","bmm/workflows/document-project/workflows/full-scan-instructions.md","6c6e0d77b33f41757eed8ebf436d4def69cd6ce412395b047bf5909f66d876aa"
"md","index-template","bmm","bmm/workflows/document-project/templates/index-template.md","42c8a14f53088e4fda82f26a3fe41dc8a89d4bcb7a9659dd696136378b64ee90"
"md","instructions","bmm","bmm/workflows/4-implementation/correct-course/instructions.md","afdf74701cd2e1200efeb4af24e99a52b013c4c150c1736c56b5d34f003c0a94"
"md","instructions","bmm","bmm/workflows/4-implementation/retrospective/instructions.md","c1357ee8149935b391db1fd7cc9869bf3b450132f04d27fbb11906d421923bf8"
"md","instructions","bmm","bmm/workflows/4-implementation/sprint-planning/instructions.md","8ac972eb08068305223e37dceac9c3a22127062edae2692f95bc16b8dbafa046"
"md","instructions","bmm","bmm/workflows/4-implementation/sprint-status/instructions.md","0d2a75639c9e402c06bf0dfab51cdacf8f63e4401ae4bc5e7fe9e92e7779bba1"
"md","instructions","bmm","bmm/workflows/document-project/instructions.md","8807cf832c2bce8062280e10ae00928e4e147d148dd326fb6437571531e22723"
"md","instructions","bmm","bmm/workflows/qa/automate/instructions.md","3f3505f847f943b2f4a0699017c16e15fa3782f51090a0332304d7248e020e0c"
"md","prd-purpose","bmm","bmm/workflows/2-plan-workflows/create-prd/data/prd-purpose.md","49c4641b91504bb14e3887029b70beacaff83a2de200ced4f8cb11c1356ecaee"
"md","prd-template","bmm","bmm/workflows/2-plan-workflows/create-prd/templates/prd-template.md","7ccccab9c06a626b7a228783b0b9b6e4172e9ec0b10d47bbfab56958c898f837"
"md","product-brief.template","bmm","bmm/workflows/1-analysis/create-product-brief/product-brief.template.md","ae0f58b14455efd75a0d97ba68596a3f0b58f350cd1a0ee5b1af69540f949781"
"md","project-context-template","bmm","bmm/data/project-context-template.md","facd60b71649247146700b1dc7d709fa0ae09487f7cf2b5ff8f5ce1b3a8427e8"
"md","project-context-template","bmm","bmm/workflows/generate-project-context/project-context-template.md","54e351394ceceb0ac4b5b8135bb6295cf2c37f739c7fd11bb895ca16d79824a5"
"md","project-overview-template","bmm","bmm/workflows/document-project/templates/project-overview-template.md","a7c7325b75a5a678dca391b9b69b1e3409cfbe6da95e70443ed3ace164e287b2"
"md","readiness-report-template","bmm","bmm/workflows/3-solutioning/check-implementation-readiness/templates/readiness-report-template.md","0da97ab1e38818e642f36dc0ef24d2dae69fc6e0be59924dc2dbf44329738ff6"
"md","research.template","bmm","bmm/workflows/1-analysis/research/research.template.md","507bb6729476246b1ca2fca4693986d286a33af5529b6cd5cb1b0bb5ea9926ce"
"md","source-tree-template","bmm","bmm/workflows/document-project/templates/source-tree-template.md","109bc335ebb22f932b37c24cdc777a351264191825444a4d147c9b82a1e2ad7a"
"md","step-01-discover","bmm","bmm/workflows/generate-project-context/steps/step-01-discover.md","0f1455c018b2f6df0b896d25e677690e1cf58fa1b276d90f0723187d786d6613"
"md","step-01-document-discovery","bmm","bmm/workflows/3-solutioning/check-implementation-readiness/steps/step-01-document-discovery.md","9204972d801c28a76433230942c81bacc171e6b6951d3226cea9e7ca5c9310f1"
"md","step-01-init","bmm","bmm/workflows/1-analysis/create-product-brief/steps/step-01-init.md","256c5f87e9449ab921614e2f23644a6b5a1222178320d863429ee2a284905e32"
"md","step-01-init","bmm","bmm/workflows/1-analysis/research/domain-steps/step-01-init.md","efee243f13ef54401ded88f501967b8bc767460cec5561b2107fc03fe7b7eab1"
"md","step-01-init","bmm","bmm/workflows/1-analysis/research/market-steps/step-01-init.md","8dbd4a1520451945e8a5d5bccb489f9186b76f57f5bf3c77dbdf088e26ac7730"
"md","step-01-init","bmm","bmm/workflows/1-analysis/research/technical-steps/step-01-init.md","c9a1627ecd26227e944375eb691e7ee6bc9f5db29a428a5d53e5d6aef8bb9697"
"md","step-01-init","bmm","bmm/workflows/2-plan-workflows/create-prd/steps-c/step-01-init.md","6ad502fa5bf5639eaf6a42e8f0bc0f2b811e0a3fd2ae3a24ed3333365f99e23c"
"md","step-01-init","bmm","bmm/workflows/2-plan-workflows/create-ux-design/steps/step-01-init.md","7b3467a29126c9498b57b06d688f610bcb7a68a8975208c209dd1103546bc455"
"md","step-01-init","bmm","bmm/workflows/3-solutioning/create-architecture/steps/step-01-init.md","c730b1f23f0298853e5bf0b9007c2fc86e835fb3d53455d2068a6965d1192f49"
"md","step-01-mode-detection","bmm","bmm/workflows/bmad-quick-flow/quick-dev/steps/step-01-mode-detection.md","d3170f565ed21633a1f08b50c90349c93d1ec362fe6ec86c746f507796acd745"
"md","step-01-understand","bmm","bmm/workflows/bmad-quick-flow/quick-spec/steps/step-01-understand.md","a65eb3b993d83f24c4f14cd0117d1c21ad5013b32fcdcf7276c6e4ba0aed7d61"
"md","step-01-validate-prerequisites","bmm","bmm/workflows/3-solutioning/create-epics-and-stories/steps/step-01-validate-prerequisites.md","5ba8ba972e8376339ed2c9b75e4f98125521af0270bb5dff6e47ec73137e01de"
"md","step-01b-continue","bmm","bmm/workflows/1-analysis/create-product-brief/steps/step-01b-continue.md","08bd92dc8486983ac8b5b19efd943d2fd83f2a6f6ba247aad9bb075e12b20860"
"md","step-01b-continue","bmm","bmm/workflows/2-plan-workflows/create-prd/steps-c/step-01b-continue.md","4e8af43d1847236333566efaa4b0b5e63d706e673872705ee6f215a7ccb9d715"
"md","step-01b-continue","bmm","bmm/workflows/2-plan-workflows/create-ux-design/steps/step-01b-continue.md","fde4bf8fa3a6d3230d20cb23e71cbc8e2db1cd2b30b693e13d0b3184bc6bb9a6"
"md","step-01b-continue","bmm","bmm/workflows/3-solutioning/create-architecture/steps/step-01b-continue.md","c6cc389b49682a8835382d477d803a75acbad01b24da1b7074ce140d82b278dc"
"md","step-02-context","bmm","bmm/workflows/3-solutioning/create-architecture/steps/step-02-context.md","07387b1d8c2f92c646bdbad88ad1401d0295c3adecc1637f07630173d8939088"
"md","step-02-context-gathering","bmm","bmm/workflows/bmad-quick-flow/quick-dev/steps/step-02-context-gathering.md","a79d99cc35e43442acda2ce7da80f26f4f50e2be08f38c10e4e5695ce0ff6016"
"md","step-02-customer-behavior","bmm","bmm/workflows/1-analysis/research/market-steps/step-02-customer-behavior.md","ca77a54143c2df684cf859e10cea48c6ea1ce8e297068a0f0f26ee63d3170c1e"
"md","step-02-design-epics","bmm","bmm/workflows/3-solutioning/create-epics-and-stories/steps/step-02-design-epics.md","2c18d76a9b73eae8b9f552cd4252f8208a0c017624ddbaf6bcbe7b28ddfa217e"
"md","step-02-discovery","bmm","bmm/workflows/2-plan-workflows/create-prd/steps-c/step-02-discovery.md","d13de9d4a4af17f04ae1af7966b3071af54a6445c0944ee83af129ef078ebe5d"
"md","step-02-discovery","bmm","bmm/workflows/2-plan-workflows/create-ux-design/steps/step-02-discovery.md","6d340f83d62f873a4c09371a38c77dc9ce9726cd6cd1cf9bf89ddec09f36af4c"
"md","step-02-domain-analysis","bmm","bmm/workflows/1-analysis/research/domain-steps/step-02-domain-analysis.md","385a288d9bbb0adf050bcce4da4dad198a9151822f9766900404636f2b0c7f9d"
"md","step-02-generate","bmm","bmm/workflows/generate-project-context/steps/step-02-generate.md","0fff27dab748b4600d02d2fb083513fa4a4e061ed66828b633f7998fcf8257e1"
"md","step-02-investigate","bmm","bmm/workflows/bmad-quick-flow/quick-spec/steps/step-02-investigate.md","dafa8215d11132018f0ca706d4c1073cc7c97ae006f0f0b7667978e84bfbee3e"
"md","step-02-prd-analysis","bmm","bmm/workflows/3-solutioning/check-implementation-readiness/steps/step-02-prd-analysis.md","f8c4f293c0a040fa9f73829ffeabfa073d0a8ade583adaefb26431ec83a76398"
"md","step-02-technical-overview","bmm","bmm/workflows/1-analysis/research/technical-steps/step-02-technical-overview.md","9c7582241038b16280cddce86f2943216541275daf0a935dcab78f362904b305"
"md","step-02-vision","bmm","bmm/workflows/1-analysis/create-product-brief/steps/step-02-vision.md","a6262132ec081165358941df207d02e29e5ab00b4f516adf2772effa46d21dd5"
"md","step-03-competitive-landscape","bmm","bmm/workflows/1-analysis/research/domain-steps/step-03-competitive-landscape.md","f10aa088ba00c59491507f6519fb314139f8be6807958bb5fd1b66bff2267749"
"md","step-03-complete","bmm","bmm/workflows/generate-project-context/steps/step-03-complete.md","cf8d1d1904aeddaddb043c3c365d026cd238891cd702c2b78bae032a8e08ae17"
"md","step-03-core-experience","bmm","bmm/workflows/2-plan-workflows/create-ux-design/steps/step-03-core-experience.md","b23ce8244db8a183761a9420fa54ff285bbf7c54b2d30c62c32d3cf8cb4c2f00"
"md","step-03-create-stories","bmm","bmm/workflows/3-solutioning/create-epics-and-stories/steps/step-03-create-stories.md","e6deb22291f05a96e56f5cb3ab88eca3bb6df564208edd8fcc693d4c27139f29"
"md","step-03-customer-pain-points","bmm","bmm/workflows/1-analysis/research/market-steps/step-03-customer-pain-points.md","ce7394a73a7d3dd627280a8bef0ed04c11e4036275acc4b50c666fd1d84172c4"
"md","step-03-epic-coverage-validation","bmm","bmm/workflows/3-solutioning/check-implementation-readiness/steps/step-03-epic-coverage-validation.md","f425bcac163b9ea63a004039ff65fffea3499d9e01a2821bb11e0e17e6b6fc52"
"md","step-03-execute","bmm","bmm/workflows/bmad-quick-flow/quick-dev/steps/step-03-execute.md","463a7865ed9efde3cf073e87ecae591bd668f62746b42f4f4c94a1ba4e4b9da0"
"md","step-03-generate","bmm","bmm/workflows/bmad-quick-flow/quick-spec/steps/step-03-generate.md","c59fe4fe129c2b0461ba0382fdbfcf9160c1997a1a0dca271261bdf006ff2364"
"md","step-03-integration-patterns","bmm","bmm/workflows/1-analysis/research/technical-steps/step-03-integration-patterns.md","005d517a2f962e2172e26b23d10d5e6684c7736c0d3982e27b2e72d905814ad9"
"md","step-03-starter","bmm","bmm/workflows/3-solutioning/create-architecture/steps/step-03-starter.md","535124eb8228ffa628fee5b2e89b9a66d4c2c5d29485c11ccc0d1062b6d674e2"
"md","step-03-success","bmm","bmm/workflows/2-plan-workflows/create-prd/steps-c/step-03-success.md","7b7b339c36ab34953dc542f48a3ed38da420078ee62bbf840a4cb939a3121567"
"md","step-03-users","bmm","bmm/workflows/1-analysis/create-product-brief/steps/step-03-users.md","7d3884a502341bd5912eac8b24af5bb961385f353b4a37cee916f0a2b2226b97"
"md","step-04-architectural-patterns","bmm","bmm/workflows/1-analysis/research/technical-steps/step-04-architectural-patterns.md","4636f23e9c585a7a0c90437a660609d913f16362c3557fc2e71d408d6b9f46ce"
"md","step-04-customer-decisions","bmm","bmm/workflows/1-analysis/research/market-steps/step-04-customer-decisions.md","17dde68d655f7c66b47ed59088c841d28d206ee02137388534b141d9a8465cf9"
"md","step-04-decisions","bmm","bmm/workflows/3-solutioning/create-architecture/steps/step-04-decisions.md","41829279a6ffec9b87870fc0a87e8738b529f07f47ec65dabd983e39d582f8b8"
"md","step-04-emotional-response","bmm","bmm/workflows/2-plan-workflows/create-ux-design/steps/step-04-emotional-response.md","45ff4c3e907f32c91d78f101a78b075f5731642628474c36b7e06c13fd9519e6"
"md","step-04-final-validation","bmm","bmm/workflows/3-solutioning/create-epics-and-stories/steps/step-04-final-validation.md","c507a3ddf39f657d1c9934c9105d079a7fe78694f19bd519e845a010b3afbda4"
"md","step-04-journeys","bmm","bmm/workflows/2-plan-workflows/create-prd/steps-c/step-04-journeys.md","ff297509882def062ab58de4ae922472dd05b562338689c8ac25a24bedad7dca"
"md","step-04-metrics","bmm","bmm/workflows/1-analysis/create-product-brief/steps/step-04-metrics.md","887af175137069fe498f1fd26db2995d1ad00d658cf15598846ae30d03ce0ce5"
"md","step-04-regulatory-focus","bmm","bmm/workflows/1-analysis/research/domain-steps/step-04-regulatory-focus.md","d22035529efe91993e698b4ebf297bf2e7593eb41d185a661c357a8afc08977b"
"md","step-04-review","bmm","bmm/workflows/bmad-quick-flow/quick-spec/steps/step-04-review.md","aa246ba5793f3a1c6dd434b388b41ccfb9e675bb55664a900a4eb2486e2a40e3"
"md","step-04-self-check","bmm","bmm/workflows/bmad-quick-flow/quick-dev/steps/step-04-self-check.md","14e852bf6fa6f19a7457a774f255e1bc6247e6926a9d69d7631b832bf8e7e723"
"md","step-04-ux-alignment","bmm","bmm/workflows/3-solutioning/check-implementation-readiness/steps/step-04-ux-alignment.md","d2e15adf2aecc2c72f9bb9051e94042fc522fd7cfb16376f41bdcdd294319703"
"md","step-05-adversarial-review","bmm","bmm/workflows/bmad-quick-flow/quick-dev/steps/step-05-adversarial-review.md","310bebff807efed4523acf507cfe98ff9bead3965627f969585ba8c12326d93f"
"md","step-05-competitive-analysis","bmm","bmm/workflows/1-analysis/research/market-steps/step-05-competitive-analysis.md","ff6f606a80ffaf09aa325e38a4ceb321b97019e6542241b2ed4e8eb38b35efa8"
"md","step-05-domain","bmm","bmm/workflows/2-plan-workflows/create-prd/steps-c/step-05-domain.md","af444794fffb622cd2d18604ed189cd2efe86c34626d16b5ac1c43b6c14ed551"
"md","step-05-epic-quality-review","bmm","bmm/workflows/3-solutioning/check-implementation-readiness/steps/step-05-epic-quality-review.md","e7fd60676d6ade485de77ce2dd4229811912594cb924d6c15bae5d9bdf105a7d"
"md","step-05-implementation-research","bmm","bmm/workflows/1-analysis/research/technical-steps/step-05-implementation-research.md","e2b8a2c79bcebadc85f3823145980fa47d7e7be8d1c112f686c6223c8c138608"
"md","step-05-inspiration","bmm","bmm/workflows/2-plan-workflows/create-ux-design/steps/step-05-inspiration.md","74ea94822de791eb24f2e2ca39c3acf01a98b2184f23b1c980e2ada6fd11ae5e"
"md","step-05-patterns","bmm","bmm/workflows/3-solutioning/create-architecture/steps/step-05-patterns.md","b6bbca68efc7ff66d2f0fc39d8219898c63fd9c0923cb020ad8ac0d469e6fcff"
"md","step-05-scope","bmm","bmm/workflows/1-analysis/create-product-brief/steps/step-05-scope.md","bd7f8878dd8058e1932151d8cbc468bfc2c6dadb0258d93ed967189d0629dff4"
"md","step-05-technical-trends","bmm","bmm/workflows/1-analysis/research/domain-steps/step-05-technical-trends.md","fd6c577010171679f630805eb76e09daf823c2b9770eb716986d01f351ce1fb4"
"md","step-06-complete","bmm","bmm/workflows/1-analysis/create-product-brief/steps/step-06-complete.md","6594a18f37063fcaa0341845df7e59c7bae9543eb4d32d4a3a8e5fdd77402972"
"md","step-06-design-system","bmm","bmm/workflows/2-plan-workflows/create-ux-design/steps/step-06-design-system.md","6e3ead73073ef51ac952f4cf9491635e5d6825525a4af5d5cbf6e2675db69404"
"md","step-06-final-assessment","bmm","bmm/workflows/3-solutioning/check-implementation-readiness/steps/step-06-final-assessment.md","813329a73f0e48374f337ec719e6b7715b95fb3ba43645143b882ea41acc4d91"
"md","step-06-innovation","bmm","bmm/workflows/2-plan-workflows/create-prd/steps-c/step-06-innovation.md","efdd55674bd8329a5d963396c841523d73ffebd168add77bc01425e478e22bc4"
"md","step-06-research-completion","bmm","bmm/workflows/1-analysis/research/market-steps/step-06-research-completion.md","30d5e14f39df193ebce952dfed2bd4009d68fe844e28ad3a29f5667382ebc6d2"
"md","step-06-research-synthesis","bmm","bmm/workflows/1-analysis/research/domain-steps/step-06-research-synthesis.md","4c7727b8d3c6272c1b2b84ea58a67fc86cafab3472c0caf54e8b8cee3fa411fc"
"md","step-06-research-synthesis","bmm","bmm/workflows/1-analysis/research/technical-steps/step-06-research-synthesis.md","1f12aaeccd2d3225608ba00117c567a2097d22d35a5ba7580b45fb9c0a1d2814"
"md","step-06-resolve-findings","bmm","bmm/workflows/bmad-quick-flow/quick-dev/steps/step-06-resolve-findings.md","e657af6e3687e15852c860f018b73aa263bdcf6b9d544771a8c0c715581a2c99"
"md","step-06-structure","bmm","bmm/workflows/3-solutioning/create-architecture/steps/step-06-structure.md","716819821cf7e2a6ce5852785e86e2c77c9f8d1d24e08b86889854365a78e552"
"md","step-07-defining-experience","bmm","bmm/workflows/2-plan-workflows/create-ux-design/steps/step-07-defining-experience.md","89964c435273a08b3065732a23bc0c3bc1290ac2ecd9339d9ff2eb6ecb890b06"
"md","step-07-project-type","bmm","bmm/workflows/2-plan-workflows/create-prd/steps-c/step-07-project-type.md","325e9853015fb844fc80c0b7c00526d0107dcae9a1bfe3b57d956940fc9e29ba"
"md","step-07-validation","bmm","bmm/workflows/3-solutioning/create-architecture/steps/step-07-validation.md","1305a67b660fcd61346de2bb8087547c8414f60381ba896762d71f6fa9cebeaf"
"md","step-08-complete","bmm","bmm/workflows/3-solutioning/create-architecture/steps/step-08-complete.md","b4dc514afd17e836458f6eb786318fdc2ecee1466c673eca4c800955ffae52e4"
"md","step-08-scoping","bmm","bmm/workflows/2-plan-workflows/create-prd/steps-c/step-08-scoping.md","8e043d237fb7d3af77b5375629dd4e47054832c98279024d66e090d48d766075"
"md","step-08-visual-foundation","bmm","bmm/workflows/2-plan-workflows/create-ux-design/steps/step-08-visual-foundation.md","8aee1183b3c0e5f379e2c20512665e06ef1189d357ac9a845e3616be35a79c47"
"md","step-09-design-directions","bmm","bmm/workflows/2-plan-workflows/create-ux-design/steps/step-09-design-directions.md","6ab5f1302ec43aed52f45a2842ae49dc4bd98b2d12109d5657c9f04e4b434f89"
"md","step-09-functional","bmm","bmm/workflows/2-plan-workflows/create-prd/steps-c/step-09-functional.md","13ced8348b8bb0b7cd88f0400b538fabbcb1fb3c23525bf4fffb7ca9f4c37c8c"
"md","step-10-nonfunctional","bmm","bmm/workflows/2-plan-workflows/create-prd/steps-c/step-10-nonfunctional.md","e37395a792ac3b81c635993c27748ebd6d781c755ed49e580cd7c78e5486a012"
"md","step-10-user-journeys","bmm","bmm/workflows/2-plan-workflows/create-ux-design/steps/step-10-user-journeys.md","30866f55e179d0985efcf57120e63dfbb1fa3ddb6fa9623c4ee0e0b9738f0467"
"md","step-11-component-strategy","bmm","bmm/workflows/2-plan-workflows/create-ux-design/steps/step-11-component-strategy.md","ed805fafa72fb703b1e89b3c59c0c2dbe99c3021e009858602a92cfb473727a6"
"md","step-11-polish","bmm","bmm/workflows/2-plan-workflows/create-prd/steps-c/step-11-polish.md","935655a256562b6b3420c091a56067c34c35819343a78927ca138c9ea8b92a97"
"md","step-12-complete","bmm","bmm/workflows/2-plan-workflows/create-prd/steps-c/step-12-complete.md","5443ef1e08c70fdd15092db6f65cb67fe2cded357ed1b5f4918398e404901bf8"
"md","step-12-ux-patterns","bmm","bmm/workflows/2-plan-workflows/create-ux-design/steps/step-12-ux-patterns.md","d9bfabc5322aca6e2ba512fa6b39bcdac885b8010dd8c4768c10e33524a04b08"
"md","step-13-responsive-accessibility","bmm","bmm/workflows/2-plan-workflows/create-ux-design/steps/step-13-responsive-accessibility.md","f9f2ae70026eb5524a372332632240cea765360ed90a47fea316a65cc3e0e7ce"
"md","step-14-complete","bmm","bmm/workflows/2-plan-workflows/create-ux-design/steps/step-14-complete.md","73cc7521dad3db2c730b06731a90df40016e67bdfefa6b6537a18d979c0f14df"
"md","step-e-01-discovery","bmm","bmm/workflows/2-plan-workflows/create-prd/steps-e/step-e-01-discovery.md","2bc88c9480ac5986c06672533ab2080b1ee01086033c8e441a8c80551c8a99ee"
"md","step-e-01b-legacy-conversion","bmm","bmm/workflows/2-plan-workflows/create-prd/steps-e/step-e-01b-legacy-conversion.md","e6bbe9020e6986a620fc0299a48e6c31c9d1ec14691df11be71baeb79837bc92"
"md","step-e-02-review","bmm","bmm/workflows/2-plan-workflows/create-prd/steps-e/step-e-02-review.md","b2660d88a445dc3f8f168f96ca92d4a1a36949e3b39fbf6cda5c77129636d9b1"
"md","step-e-03-edit","bmm","bmm/workflows/2-plan-workflows/create-prd/steps-e/step-e-03-edit.md","dfcc3e4f0b1ec050d4985af04dc02b28174a995e95327ca01ae4b8cac10cc1e5"
"md","step-e-04-complete","bmm","bmm/workflows/2-plan-workflows/create-prd/steps-e/step-e-04-complete.md","a1100f8639120311cbaf5a5a880db4e137216bc4bd0110b0926004107a99d3c3"
"md","step-v-01-discovery","bmm","bmm/workflows/2-plan-workflows/create-prd/steps-v/step-v-01-discovery.md","287c39e44b32faab52fb155a4a30ab3f31cf6ef5c599b8b15687e5bb3c97a447"
"md","step-v-02-format-detection","bmm","bmm/workflows/2-plan-workflows/create-prd/steps-v/step-v-02-format-detection.md","251ea5a1cf7779db2dc39d5d8317976a27f84b421359c1974ae96c0943094341"
"md","step-v-02b-parity-check","bmm","bmm/workflows/2-plan-workflows/create-prd/steps-v/step-v-02b-parity-check.md","3481beae212bb0140c105d0ae87bb9714859c93a471048048512fd1278da2fcd"
"md","step-v-03-density-validation","bmm","bmm/workflows/2-plan-workflows/create-prd/steps-v/step-v-03-density-validation.md","5b95ecd032fb65f86b7eee7ce7c30c997dc2a8b5e4846d88c2853538591a9e40"
"md","step-v-04-brief-coverage-validation","bmm","bmm/workflows/2-plan-workflows/create-prd/steps-v/step-v-04-brief-coverage-validation.md","97eb248c7d67e6e5121dd0b020409583998fba433799ea4c5c8cb40c7ff9c7c1"
"md","step-v-05-measurability-validation","bmm","bmm/workflows/2-plan-workflows/create-prd/steps-v/step-v-05-measurability-validation.md","2f331ee6d4f174dec0e4b434bf7691bfcf3a13c6ee0c47a65989badaa6b6a28c"
"md","step-v-06-traceability-validation","bmm","bmm/workflows/2-plan-workflows/create-prd/steps-v/step-v-06-traceability-validation.md","970ea67486211a611a701e1490ab7e8f2f98060a9f78760b6ebfdb9f37743c74"
"md","step-v-07-implementation-leakage-validation","bmm","bmm/workflows/2-plan-workflows/create-prd/steps-v/step-v-07-implementation-leakage-validation.md","f75d1d808fdf3d61b15bea55418b82df747f45902b6b22fe541e83b4ea3fa465"
"md","step-v-08-domain-compliance-validation","bmm","bmm/workflows/2-plan-workflows/create-prd/steps-v/step-v-08-domain-compliance-validation.md","a1902baaf4eaaf946e5c2c2101a1ac46f8ee4397e599218b8dc030cd00c97512"
"md","step-v-09-project-type-validation","bmm","bmm/workflows/2-plan-workflows/create-prd/steps-v/step-v-09-project-type-validation.md","d53e95264625335184284d3f9d0fc6e7674f67bdf97e19362fc33df4bea7f096"
"md","step-v-10-smart-validation","bmm","bmm/workflows/2-plan-workflows/create-prd/steps-v/step-v-10-smart-validation.md","22d48a72bc599f45bbf8c3e81d651d3a1265a6450866c0689bf287f43d7874a4"
"md","step-v-11-holistic-quality-validation","bmm","bmm/workflows/2-plan-workflows/create-prd/steps-v/step-v-11-holistic-quality-validation.md","1022a1454aadff28e39fd5fa71dd76d8eefccfe438b9ef517a19b44d935c0f5b"
"md","step-v-12-completeness-validation","bmm","bmm/workflows/2-plan-workflows/create-prd/steps-v/step-v-12-completeness-validation.md","c966933a0ca3753db75591325cef4d4bdaf9639a1a63f9438758d32f7e1a1dda"
"md","step-v-13-report-complete","bmm","bmm/workflows/2-plan-workflows/create-prd/steps-v/step-v-13-report-complete.md","9184ef4045829406323c714044ca9c70152ad425e559019633b13829434f6378"
"md","tech-spec-template","bmm","bmm/workflows/bmad-quick-flow/quick-spec/tech-spec-template.md","6e0ac4991508fec75d33bbe36197e1576d7b2a1ea7ceba656d616e7d7dadcf03"
"md","template","bmm","bmm/workflows/4-implementation/create-story/template.md","29ba697368d77e88e88d0e7ac78caf7a78785a7dcfc291082aa96a62948afb67"
"md","ux-design-template","bmm","bmm/workflows/2-plan-workflows/create-ux-design/ux-design-template.md","ffa4b89376cd9db6faab682710b7ce755990b1197a8b3e16b17748656d1fca6a"
"md","workflow","bmm","bmm/workflows/1-analysis/create-product-brief/workflow.md","5858d72a2fd8010a40d86d7e7581e44af9eb3432f13a236575035a21807e755a"
"md","workflow","bmm","bmm/workflows/2-plan-workflows/create-ux-design/workflow.md","10ffb0f43a4e204ecd1a67bf5bff52d6929847651ad096bbe833cf1f0eb198c5"
"md","workflow","bmm","bmm/workflows/3-solutioning/check-implementation-readiness/workflow.md","ddfe66e2ced3a092d0be1606d36c5eb9610602e939059c902b22da1aa202e904"
"md","workflow","bmm","bmm/workflows/3-solutioning/create-architecture/workflow.md","ad930c2c9b991fb56f0d04cfdbc69d04bffd5df2c515ca570ad7d388f56a055c"
"md","workflow","bmm","bmm/workflows/3-solutioning/create-epics-and-stories/workflow.md","d40eb6e04de52d4265af460322a9487bb2c241453b0a59940e1bb04836a7ba65"
"md","workflow","bmm","bmm/workflows/bmad-quick-flow/quick-dev/workflow.md","7e13f74e23f9de40ed15140b5cadb28a7462ad019dc345422b3aede59ad8e7f7"
"md","workflow","bmm","bmm/workflows/bmad-quick-flow/quick-spec/workflow.md","e7856a24e0f39108ae494569b8ceb2eb1ca10588ed3869c5feef98832c54db78"
"md","workflow","bmm","bmm/workflows/generate-project-context/workflow.md","0da857be1b7fb46fc29afba22b78a8b2150b17db36db68fd254ad925a20666aa"
"md","workflow-create-prd","bmm","bmm/workflows/2-plan-workflows/create-prd/workflow-create-prd.md","2331a3f02fd4bc3628e3bb1684645e8392a77e8b5b9f918e55554616a2bfe06b"
"md","workflow-domain-research","bmm","bmm/workflows/1-analysis/research/workflow-domain-research.md","137509e99ad4b11c391ebe87832d4820c46da75ed8570dd5b5a71f4372b75c73"
"md","workflow-edit-prd","bmm","bmm/workflows/2-plan-workflows/create-prd/workflow-edit-prd.md","e433664058429f54b49237ad7b2eba43fb115b8b9c68c87846f9523405ac73ef"
"md","workflow-market-research","bmm","bmm/workflows/1-analysis/research/workflow-market-research.md","2798d9cbeab426df7f2bcc228771fc5d5e1a58302eef769e2bbd36ce7d7f43e4"
"md","workflow-technical-research","bmm","bmm/workflows/1-analysis/research/workflow-technical-research.md","16974efc305ab195209232eea5e7ab828df2c6244b8c2ba7ca4a517e90b38b64"
"md","workflow-validate-prd","bmm","bmm/workflows/2-plan-workflows/create-prd/workflow-validate-prd.md","5f7d3a188b5c68fb621b31da4ba62b75444615a0f8eadfe8c505c11f4a8e404c"
"xml","instructions","bmm","bmm/workflows/4-implementation/code-review/instructions.xml","1a6f0ae7d69a5c27b09de3efab2b205a007b466976acdeeaebf7f3abec7feb68"
"xml","instructions","bmm","bmm/workflows/4-implementation/create-story/instructions.xml","38eae4b503711a162f55ccd41b770248581a4357cbbfe1cf1bb34520307ccd63"
"xml","instructions","bmm","bmm/workflows/4-implementation/dev-story/instructions.xml","396eba2694f455e9aa8f0e123b4147799e07205cfb666a411e8a5d0d4b6b5daa"
"yaml","config","bmm","bmm/config.yaml","fa710b6fe39b1a964a85c03de9dd3ff4a970f3f881f79a58e3bc7274ecc75206"
"yaml","deep-dive","bmm","bmm/workflows/document-project/workflows/deep-dive.yaml","a16b5d121604ca00fffdcb04416daf518ec2671a3251b7876c4b590d25d96945"
"yaml","full-scan","bmm","bmm/workflows/document-project/workflows/full-scan.yaml","8ba79b190733006499515d9d805f4eacd90a420ffc454e04976948c114806c25"
"yaml","sprint-status-template","bmm","bmm/workflows/4-implementation/sprint-planning/sprint-status-template.yaml","0d7fe922f21d4f00e538c265ff90e470c3e2eca761e663d84b7a1320b2f25980"
"yaml","team-fullstack","bmm","bmm/teams/team-fullstack.yaml","da8346b10dfad8e1164a11abeb3b0a84a1d8b5f04e01e8490a44ffca477a1b96"
"yaml","workflow","bmm","bmm/workflows/4-implementation/code-review/workflow.yaml","4ddef804c51bd83ad51f39e752333383ab559c0986efb8404b659e4728c81ad8"
"yaml","workflow","bmm","bmm/workflows/4-implementation/correct-course/workflow.yaml","0d9c4502fc2f9524644918e33271d648bf7929e91eba8645e39d7d7c7e67eac7"
"yaml","workflow","bmm","bmm/workflows/4-implementation/create-story/workflow.yaml","7989989306494ad06bd5a08f9be73b50d791389226c3b2c8c281ffb8d078d70a"
"yaml","workflow","bmm","bmm/workflows/4-implementation/dev-story/workflow.yaml","36d144a797706f438f973d4fe0679b98096eb1b911f8b7df3f9a8db4fab5e9d2"
"yaml","workflow","bmm","bmm/workflows/4-implementation/retrospective/workflow.yaml","7eac3fda56bb7106a160b446121de55b25d20d60eadcf2caf1ca3245ad84208f"
"yaml","workflow","bmm","bmm/workflows/4-implementation/sprint-planning/workflow.yaml","3f31e4b0973525228549cef18123816d82dc45741dab1f48720eefb191876f81"
"yaml","workflow","bmm","bmm/workflows/4-implementation/sprint-status/workflow.yaml","f03d2804afca3ee29a612117f6bf090b455354a3557c2198ec9b8eb5c5900cef"
"yaml","workflow","bmm","bmm/workflows/document-project/workflow.yaml","9e2886d022d4054c0e6ca6580673f775415add7924961d6723ed13156200a819"
"yaml","workflow","bmm","bmm/workflows/qa/automate/workflow.yaml","670d28da3e20a445ae08ab3e907eaf3eaf13d9a08c4b26244344a0fd8f54a399"
"csv","brain-methods","core","core/workflows/brainstorming/brain-methods.csv","0ab5878b1dbc9e3fa98cb72abfc3920a586b9e2b42609211bb0516eefd542039"
"csv","methods","core","core/workflows/advanced-elicitation/methods.csv","e08b2e22fec700274982e37be608d6c3d1d4d0c04fa0bae05aa9dba2454e6141"
"csv","module-help","core","core/module-help.csv","4227d475748e8067aeae3e1a67d7b6235c109da13b2ef9131db930083dcb348d"
"md","help","core","core/tasks/help.md","950439aaff47aa25f94ede360ce8f8a47bf29c52b7f19c76a45960e8687fe726"
"md","step-01-agent-loading","core","core/workflows/party-mode/steps/step-01-agent-loading.md","04ab6b6247564f7edcd5c503f5ca7d27ae688b09bbe2e24345550963a016e9f9"
"md","step-01-session-setup","core","core/workflows/brainstorming/steps/step-01-session-setup.md","bc09cc22a0465b316ff3c13903b753768fa31d83abd3f9fc328631db63dc0cf8"
"md","step-01b-continue","core","core/workflows/brainstorming/steps/step-01b-continue.md","d76a406e0ff0a0e58006ec671b56f19a059e98cfebba4c0724ae6ccdd9303e7f"
"md","step-02-discussion-orchestration","core","core/workflows/party-mode/steps/step-02-discussion-orchestration.md","a8a79890bd03237e20f1293045ecf06f9a62bc590f5c2d4f88e250cee40abb0b"
"md","step-02a-user-selected","core","core/workflows/brainstorming/steps/step-02a-user-selected.md","558b162466745b92687a5d6e218f243a98436dd177b2d5544846c5ff4497cc94"
"md","step-02b-ai-recommended","core","core/workflows/brainstorming/steps/step-02b-ai-recommended.md","99aa935279889f278dcb2a61ba191600a18e9db356dd8ce62f0048d3c37c9531"
"md","step-02c-random-selection","core","core/workflows/brainstorming/steps/step-02c-random-selection.md","f188c260c321c7f026051fefcd267a26ee18ce2a07f64bab7f453c0c3e483316"
"md","step-02d-progressive-flow","core","core/workflows/brainstorming/steps/step-02d-progressive-flow.md","a28c7a3edf34ceb0eea203bf7dc80f39ca04974f6d1ec243f0a088281b2e55de"
"md","step-03-graceful-exit","core","core/workflows/party-mode/steps/step-03-graceful-exit.md","bdecc33004d73238ca05d8fc9d6b86cba89833630956f53ecd82ec3715c5f0da"
"md","step-03-technique-execution","core","core/workflows/brainstorming/steps/step-03-technique-execution.md","9e6abceec5f774c57cd5205e30a1f24a95441131dbffcae9c3dce72111f95ceb"
"md","step-04-idea-organization","core","core/workflows/brainstorming/steps/step-04-idea-organization.md","5224490c33bf4b23b2897f3bcf12abe0b1ced306541dd60c21df0ce9fc65d1ac"
"md","template","core","core/workflows/brainstorming/template.md","5c99d76963eb5fc21db96c5a68f39711dca7c6ed30e4f7d22aedee9e8bb964f9"
"md","workflow","core","core/workflows/brainstorming/workflow.md","7d7f957ccd176faed2551e3089abfa49032963e980b5643d9384690af3d61203"
"md","workflow","core","core/workflows/party-mode/workflow.md","f8537e152df8db331d86e2a37e5ced55bccff3a71e290f82eb754d28c0c9ec08"
"xml","editorial-review-prose","core","core/tasks/editorial-review-prose.xml","49f462ddc5f20a6e2abf14e4b8f3a25c70885c6a6d776ef4674739dd7880988a"
"xml","editorial-review-structure","core","core/tasks/editorial-review-structure.xml","307edce94877dacdaafb10f7ea39115944c7d19e57228a7859abf2fee8b1a177"
"xml","index-docs","core","core/tasks/index-docs.xml","90076db678b1d65b4dd8b166731584fafc68e660e5015f309a1c78aae6e25a28"
"xml","review-adversarial-general","core","core/tasks/review-adversarial-general.xml","347436fde09411caaab10ff97e4cbd2bfef31dbe9f8db9e0eb49c3ed361ede7b"
"xml","shard-doc","core","core/tasks/shard-doc.xml","947f2c7d4f6bb269ad0bcc1a03227d0d6da642d9df47894b8ba215c5149aed3d"
"xml","workflow","core","core/tasks/workflow.xml","17bca7fa63bae20aaac4768d81463a7a2de7f80b60d4d9a8f36b70821ba86cfd"
"xml","workflow","core","core/workflows/advanced-elicitation/workflow.xml","ead4dc1e50c95d8966b3676842a57fca97c70d83f1f3b9e9c2d746821e6868b4"
"yaml","config","core","core/config.yaml","8e8c508337fbad7fe3371a9a3ba917c3511828111122b63b6fea722ae98bc721"
"csv","default-party","gds","gds/teams/default-party.csv","50a3b1a2a0f77bbba1cd1f7c88e5b1d6ac5a6dfadb188e2373a24a0c77ad115a"
"csv","documentation-requirements","gds","gds/workflows/document-project/documentation-requirements.csv","efc91d54787939a2dd2c22400e6b9b6f58835a741ea557e8971b5b333ce666e8"
"csv","game-brain-methods","gds","gds/workflows/1-preproduction/brainstorm-game/game-brain-methods.csv","f6fb96d2134a941ad0dd6cbdcb7bdcc01b7c04b1009e196cf859fc330f843bdb"
"csv","game-types","gds","gds/workflows/2-design/gdd/game-types.csv","4f4a61090a084188178340aa08edaa8f3a08029bac7f01f23f228723b9524a59"
"csv","module-help","gds","gds/module-help.csv","857ac06f6589b292e4c8c985a11d2e43804ed5695561c9d2e158faab222a9313"
"csv","pattern-categories","gds","gds/workflows/3-technical/game-architecture/pattern-categories.csv","490bb6b7d5abfd5c1b20dca04399870c030b5d5d2db7148621d43f08044616e8"
"csv","qa-index","gds","gds/gametest/qa-index.csv","a94275a48134c19edbd8b4c457dfbde049e003cbce0a86a4c79b19ca91809dc2"
"json","project-scan-report-schema","gds","gds/workflows/document-project/templates/project-scan-report-schema.json","4c27adf9407907f31150d03d233f782f165aae9f754ecfa5532d0eed36c8bc94"
"md","action-platformer","gds","gds/workflows/2-design/gdd/game-types/action-platformer.md","f711632d2a1067243347cfa5686488377421b8a0337e32ab06031c7d1051cb76"
"md","adventure","gds","gds/workflows/2-design/gdd/game-types/adventure.md","2a242677235821099af6adcfc4a17dbeabe9ad914fb5c4599eab4f8691c86402"
"md","architecture-template","gds","gds/workflows/3-technical/game-architecture/templates/architecture-template.md","1522ecf71409013bd057b8bc175744c9c0d988ae1c50f197c342ad26e8ece1d2"
"md","backlog-template","gds","gds/workflows/4-production/code-review/backlog-template.md","42c4a61b30a8d1bfc670934db31622097b679ceee80f7744de823a77fa6ccd42"
"md","balance-testing","gds","gds/gametest/knowledge/balance-testing.md","aeea1da343ec80b7fbec0cc6ddc49cc70f9be1d6240644c3f065b42322886f0b"
"md","card-game","gds","gds/workflows/2-design/gdd/game-types/card-game.md","63a72a7cd8e9c15ff0778ca2af49ee146daf7a8d0772f83afc6e8421b088b1fd"
"md","certification-testing","gds","gds/gametest/knowledge/certification-testing.md","70a96efd6ba9f726057a896d0107d0f35f390749da8da373565e5b2f2b2fbfea"
"md","checklist","gds","gds/workflows/1-preproduction/game-brief/checklist.md","ddb4129f1f7474f25e78a4836410d6b3432ee5c6344414647ce3c8c3af1c56f5"
"md","checklist","gds","gds/workflows/2-design/gdd/checklist.md","43da9cadbca5dc6a18f998560ac85cb471ebf265ed1fc292b30b5e5046f424a2"
"md","checklist","gds","gds/workflows/2-design/narrative/checklist.md","e780d2703a61e6f9b6bdf0d624671140a9b93e42cdf9dcd521f41d5a7be9f967"
"md","checklist","gds","gds/workflows/3-technical/game-architecture/checklist.md","0df887272138bfb3d05d963ef24648b5338d22f8cbe8c58b539ee38b977f42aa"
"md","checklist","gds","gds/workflows/4-production/code-review/checklist.md","dce9eaefa805082b447b2db3cef98cba72d71eb9fae62c7ebd5c0760340134cb"
"md","checklist","gds","gds/workflows/4-production/correct-course/checklist.md","e08ac75bdd71d06c3c2e2c3da900e3b23afadfc615a67d9b7a1fa0b785632ceb"
"md","checklist","gds","gds/workflows/4-production/create-story/checklist.md","253ea017b5872f7c7b8256a19b032a99239883d3488c2e7b83dc4fd47154ab10"
"md","checklist","gds","gds/workflows/4-production/dev-story/checklist.md","277b5b2157d37162ed6eb1b4cdfe08bb4100fe719994a8ac8d019339a458995b"
"md","checklist","gds","gds/workflows/4-production/sprint-planning/checklist.md","cc4f8e9411dbf9e644333790f867d74027aae3721cbc7f11d574536bf903a0aa"
"md","checklist","gds","gds/workflows/document-project/checklist.md","3b6856939315f71dc3ecc5a098c961fdc9f3615d3a032f0bc3dad565ac17bc38"
"md","checklist","gds","gds/workflows/gametest/automate/checklist.md","83290eb804ca6b3d4283c7f69db1d9fb3160b8da708639303177c71af4408f2e"
"md","checklist","gds","gds/workflows/gametest/e2e-scaffold/checklist.md","4bef23b4063d2f6caf26d9d2baba4cc69ea2c54c3f6096c70de80b5b8fd1b130"
"md","checklist","gds","gds/workflows/gametest/performance/checklist.md","985a67a8c278f43096b9f52c59182e8de9ae9a55b04808fb740951809a3f96a5"
"md","checklist","gds","gds/workflows/gametest/playtest-plan/checklist.md","d79ecf7b93060a46d9912a90973eab3d0dfeac68815b5275d2c1a5f7416cf952"
"md","checklist","gds","gds/workflows/gametest/test-design/checklist.md","5542d92ad346ebfb86a2415a2217707ca76b3d39bf234280062a31b6e28bf875"
"md","checklist","gds","gds/workflows/gametest/test-framework/checklist.md","6ecc1995f2e0f94984d65a7b246a30e9bddaed217f0a48127e022254ee3c356e"
"md","checklist","gds","gds/workflows/gametest/test-review/checklist.md","1f4abe8931ba4964d8db592cdad287df858f834c45cadd20bf7e1588ada5d2ee"
"md","compatibility-testing","gds","gds/gametest/knowledge/compatibility-testing.md","1a26a1726abb77f7b482ba35d16f17ab574bfd62b4a025565e8645bae228fe6a"
"md","deep-dive-instructions","gds","gds/workflows/document-project/workflows/deep-dive-instructions.md","6ee83a843f26e4b304fc8831d8a51e67b1f7d5bd9884af7e46ad64c2a4938986"
"md","deep-dive-template","gds","gds/workflows/document-project/templates/deep-dive-template.md","2d098bb425f58d1d49ab5c6b7c1a8c92af9271d281bacafe000fed059a1a206d"
"md","e2e-testing","gds","gds/gametest/knowledge/e2e-testing.md","c3b6738f5dfc5e19699eb7a976ab53367762a6504ec1efd7c045926ea69707b7"
"md","fighting","gds","gds/workflows/2-design/gdd/game-types/fighting.md","a3da81cf6924927931eb7338753ae8a03028a7e5e26a31428c737a151e02950f"
"md","full-scan-instructions","gds","gds/workflows/document-project/workflows/full-scan-instructions.md","c0e8151b7079442c16c2445bfeb574f214d5cd6c83b7ed679c57ca63599c3b32"
"md","game-brief-template","gds","gds/workflows/1-preproduction/game-brief/templates/game-brief-template.md","f2c83b06e8e403bb946de0bed6e4245c66e3b0202d9790432f56319cb8b661be"
"md","game-context","gds","gds/workflows/1-preproduction/brainstorm-game/game-context.md","d362430b87dfe8a9b8c3bf9ae6820235b0d46bbed326591cbb58acdb5ff70640"
"md","gdd-template","gds","gds/workflows/2-design/gdd/templates/gdd-template.md","791dfdf0ac71a2e249984c07ca47938dcc2c602c935547124cb1eeccd3d1fbaf"
"md","godot-testing","gds","gds/gametest/knowledge/godot-testing.md","ccfdf5f7ecbc33bd3f5549bfcd47c991e6cd0c8d32719ad838e80406eda3b825"
"md","horror","gds","gds/workflows/2-design/gdd/game-types/horror.md","7ae5d591692bf36b014da7ca3b9683d6dfe744e9a85915bc18b8e8639122a2aa"
"md","idle-incremental","gds","gds/workflows/2-design/gdd/game-types/idle-incremental.md","410e8aa9473ef6189bc550de4721336ae3a9a1a82663388a9cea2a42726bd908"
"md","index-template","gds","gds/workflows/document-project/templates/index-template.md","0e077c2d9d9ccb149a64ed82e67914d90571e23696687cf7a08ac5f2a8b18306"
"md","input-testing","gds","gds/gametest/knowledge/input-testing.md","832d5183c9629e2423cc7221781afc87459cb9f735b2fc60257165d33736ecc6"
"md","instructions","gds","gds/workflows/1-preproduction/brainstorm-game/instructions.md","3847840c5d506f28e9bc7300c83a1a127ebb4ee857267a31e3c00fa138600596"
"md","instructions","gds","gds/workflows/1-preproduction/game-brief/instructions.md","c35e2a5be4183de496fa7cc6927602980d243f78d2016f712ceca4269c9d4809"
"md","instructions","gds","gds/workflows/3-technical/game-architecture/instructions.md","5ab2f82399f2752e313d1e75b0a07f81f1a859900a667a80a16d286f6585834c"
"md","instructions","gds","gds/workflows/4-production/correct-course/instructions.md","3516ef31d60e27485778fbdf8bdd7b7736bbd4c0568eab5afbc98481c8ae557a"
"md","instructions","gds","gds/workflows/4-production/retrospective/instructions.md","4d7ef4bab1a0007c4681da3216f66a4962e3d1039c2dee06e67c70d3a4b00104"
"md","instructions","gds","gds/workflows/4-production/sprint-planning/instructions.md","e9f06d42b5d6fc4dbac5d8b0c8d511945e307b363cd1f45ad94a780186ef2586"
"md","instructions","gds","gds/workflows/4-production/sprint-status/instructions.md","7ea2b17e6d6688cfa3c9155fa3926888e9b817fad11fb9d8d49c614e61bd6a85"
"md","instructions","gds","gds/workflows/document-project/instructions.md","a28476fb66c03dc0514b3fa1cb07c514415226e7de76a331b0b7c199e949834b"
"md","instructions","gds","gds/workflows/gametest/automate/instructions.md","5466db4adc5bc36a14dd6efb314e1e75b94e509bdc6db89047ec6b07eef0564e"
"md","instructions","gds","gds/workflows/gametest/e2e-scaffold/instructions.md","a3e475d13cdb93ceb35892703aca7f789fea866fa185ad78dd8f559c0f306914"
"md","instructions","gds","gds/workflows/gametest/performance/instructions.md","e3c68377677d498a475bc7ee2b29e7aeab89cada9d27fbf0bc864f59d1a315ae"
"md","instructions","gds","gds/workflows/gametest/playtest-plan/instructions.md","43a45ad092b304d7577618352b3ac606467bf6cf21fdccebf5d5ce25e53600bc"
"md","instructions","gds","gds/workflows/gametest/test-design/instructions.md","c61e57ed57e7450139ab9b71dc31706cdbbb85e96ff284f209c268542c645d6f"
"md","instructions","gds","gds/workflows/gametest/test-framework/instructions.md","65a6aac4b030113d4c82785a58e4911a128cd069ab3860a4ae899859ae0fde3b"
"md","instructions","gds","gds/workflows/gametest/test-review/instructions.md","3b7b8a6bc2a158f416ec55f58499675486bdcc03d2cb11ae1846781572667322"
"md","instructions-narrative","gds","gds/workflows/2-design/narrative/instructions-narrative.md","98c730a1d1d4adf7926d4b8c2d9f87aa5c5eb91da71d62c1f6e50d9c881fe539"
"md","localization-testing","gds","gds/gametest/knowledge/localization-testing.md","3ac685205ac1d8dea63574a98501f5636614fbf2933d555d718acb0dbf3d3f4b"
"md","metroidvania","gds","gds/workflows/2-design/gdd/game-types/metroidvania.md","2faa33591d6bac3c0e8c4cafe823d94b9f5f9236a1c22d38683fdb784c156b85"
"md","moba","gds","gds/workflows/2-design/gdd/game-types/moba.md","9871adb9aacf4e503f4f339e5028a30ca16916e53770038c5568eb13f961acbb"
"md","multiplayer-testing","gds","gds/gametest/knowledge/multiplayer-testing.md","fa00a075cdbcbf21ae921148c33647280ad12b4c88f2eba3854d24c7b060824b"
"md","narrative-template","gds","gds/workflows/2-design/narrative/templates/narrative-template.md","e12110346082ed4cbd444fce0ba0e1cc5c074dfd72ce503f00ce4df24bbf3ef3"
"md","party-game","gds","gds/workflows/2-design/gdd/game-types/party-game.md","7de09c182571046e25d2f4c4bdaa8a1dd2a96c8a50606bcf253ed8ba370ddae1"
"md","performance-template","gds","gds/workflows/gametest/performance/performance-template.md","71097a22589f0c21af4c32df7b63699b7b54174f1fae96dc482c5f3d27daa6e4"
"md","performance-testing","gds","gds/gametest/knowledge/performance-testing.md","572f7ca584e08bb876be2fc64ba6895decc96780cbe9b4c8e8de7730d07ad929"
"md","playtest-template","gds","gds/workflows/gametest/playtest-plan/playtest-template.md","3c6120ba19f21440cec2817a4a8722509b65ac73b98f6768d3fb33a14c005cbb"
"md","playtesting","gds","gds/gametest/knowledge/playtesting.md","38dd38b24e7996323a3c78f74f9786340f22ee11ff857d42e45cdd7080cecca5"
"md","project-context-template","gds","gds/workflows/3-technical/generate-project-context/project-context-template.md","3cc240744e23cdb1048b76ecc2c0cfccb5ba1140ec9dfb47a19587a59f321c87"
"md","project-overview-template","gds","gds/workflows/document-project/templates/project-overview-template.md","fd1ae5724b19829feb79245b5249c3ebf3cee30d07776939d87c7563e5bf76fd"
"md","puzzle","gds","gds/workflows/2-design/gdd/game-types/puzzle.md","0e127487feb570735f166a7e51ecbdd69d7cb7de73439c62ef5e87b6e5b6b8f9"
"md","qa-automation","gds","gds/gametest/knowledge/qa-automation.md","fae6a6e9977cf52b10fffc85c5be41fe5c11c5aec9b885f44d42e37513b9f370"
"md","racing","gds","gds/workflows/2-design/gdd/game-types/racing.md","e2c21ad6ae9bfdf1a309dc5a3ba3390dfb7de9a98bdfb4d7723e2c04750c9878"
"md","regression-testing","gds","gds/gametest/knowledge/regression-testing.md","b35564996e952fe1e32c1d59d69e8ceb76dbe3cf96a852ff119082d281d00e77"
"md","rhythm","gds","gds/workflows/2-design/gdd/game-types/rhythm.md","099462e504db8de6fe4e6176a2e0667a2beb3700147d733a4e5a44f7aba4d9d1"
"md","roguelike","gds","gds/workflows/2-design/gdd/game-types/roguelike.md","13db5439305b6f8c5a985839552326ca0da359d861251b10f7585b7f123a848c"
"md","rpg","gds","gds/workflows/2-design/gdd/game-types/rpg.md","861d9a803a43e4b95f048a0ff274ef56dbbfb8d83fea696237814731ae13e4f4"
"md","sandbox","gds","gds/workflows/2-design/gdd/game-types/sandbox.md","404b16e49aefdeda1e022a07fb680a1584c0e1a00ddda003e80eab748e01d270"
"md","save-testing","gds","gds/gametest/knowledge/save-testing.md","c354bbbe048c32fbd8bf581de329ff933ec28e044b431888f8ca53d76434eaf1"
"md","shooter","gds","gds/workflows/2-design/gdd/game-types/shooter.md","185d8722cf25471768440921b7b5bdca8bf58464358bd50556811fa0746e3e0c"
"md","simulation","gds","gds/workflows/2-design/gdd/game-types/simulation.md","bbb0c3dd09cb4289c2d297aeb49d1b0261151037dd8728fddee8ab7683bfc995"
"md","smoke-testing","gds","gds/gametest/knowledge/smoke-testing.md","1b33fe5eb2305103b96cd4a755640f4fa08f8ffc8c59a0fe04110c1532078866"
"md","source-tree-template","gds","gds/workflows/document-project/templates/source-tree-template.md","f0094b1e0a9770c8c408b86f978b660c253fe99affcf2b67e1cf7aa9b40e74cb"
"md","sports","gds","gds/workflows/2-design/gdd/game-types/sports.md","f2f582cd89412e803f9714e5f44ee9854ed2d1a2debd588900fc1792756057b7"
"md","step-01-discover","gds","gds/workflows/3-technical/generate-project-context/steps/step-01-discover.md","54cfaa77d7528d319a089bc1f97f1d8b6d421688e7e888faaf0bac7d387f0c4e"
"md","step-01-init","gds","gds/workflows/1-preproduction/brainstorm-game/steps/step-01-init.md","33f070978c8bfc4846939fd485e14e0f8a4cf574660849193778cc131ec77738"
"md","step-01-init","gds","gds/workflows/1-preproduction/game-brief/steps/step-01-init.md","7e9fcfbc5bc35505fd1eddb647fdd01c223be21582678fa9bb71dbe6af074e88"
"md","step-01-init","gds","gds/workflows/2-design/gdd/steps/step-01-init.md","c951011e21cd796dd8a35c0e643f5f1f06dd9c1d4bd834faefb11709f9b1a412"
"md","step-01-init","gds","gds/workflows/2-design/narrative/steps/step-01-init.md","dc40243a28167a79a623ac353dfe12b8540c26f917a62fa1f6dcebb57e78f6dc"
"md","step-01-init","gds","gds/workflows/3-technical/game-architecture/steps/step-01-init.md","0442f4159b8ecd2adeada882ed62e4eb902bbd02e140238d79399f4b6e2c42df"
"md","step-01-mode-detection","gds","gds/workflows/gds-quick-flow/quick-dev/steps/step-01-mode-detection.md","08dcd5de6a2c51714916fc9279e3f15ebc40b34175b0cb67d59486084398a16f"
"md","step-01-understand","gds","gds/workflows/gds-quick-flow/quick-spec/steps/step-01-understand.md","3bbbbb5f2679f0cb68b591b3c47866198bb663c0ee9aede2a18e2983ec0106bf"
"md","step-01b-continue","gds","gds/workflows/1-preproduction/game-brief/steps/step-01b-continue.md","5b4bd06f79bf71ccc8f66e0a72d687fe52388750881469cafa5de48361cdc343"
"md","step-01b-continue","gds","gds/workflows/2-design/gdd/steps/step-01b-continue.md","a924f021f613cbe3e717e1726f6eed9f0c6cff596110374fea0a0768eeb64988"
"md","step-01b-continue","gds","gds/workflows/2-design/narrative/steps/step-01b-continue.md","073dba91994fe1593c7272fdf960e9bc56656f8e5c9f4347c63a8c94b0afbece"
"md","step-01b-continue","gds","gds/workflows/3-technical/game-architecture/steps/step-01b-continue.md","b135163e274cbaeee45297a01b2afc8c9766ec0009db9f915328d99b51d2b1da"
"md","step-02-context","gds","gds/workflows/1-preproduction/brainstorm-game/steps/step-02-context.md","c5901693acfb4f54d777c88107fb8e5353b9dada84b0dbf6646b2b1d156a6d90"
"md","step-02-context","gds","gds/workflows/2-design/gdd/steps/step-02-context.md","bfabdec25e0bd4f96bd7ae45b91a23373cb707eea509ebde26aa89258fb98cca"
"md","step-02-context","gds","gds/workflows/3-technical/game-architecture/steps/step-02-context.md","e95f67c133ced49d14b9ecb6f6a3317d291a052d774b33adeb70bc77a3aec5d9"
"md","step-02-context-gathering","gds","gds/workflows/gds-quick-flow/quick-dev/steps/step-02-context-gathering.md","4a0d240d197b9e95237606ab82a29479349ce4e48e547d0dd5ca4f36a78aac15"
"md","step-02-foundation","gds","gds/workflows/2-design/narrative/steps/step-02-foundation.md","d8f6f24c16845c4f9b787d96fee4c1655e2154f714a5efbd13b830a9d6a88acd"
"md","step-02-generate","gds","gds/workflows/3-technical/generate-project-context/steps/step-02-generate.md","11deeb2b4bc97f8c5e0a9b234cba937781cd03a874a3cb05e4044d7116ea443c"
"md","step-02-investigate","gds","gds/workflows/gds-quick-flow/quick-spec/steps/step-02-investigate.md","9825c97aa11dd6d75161192db9545e4dae3b00905099f10e7ed9fe43969efeaa"
"md","step-02-vision","gds","gds/workflows/1-preproduction/game-brief/steps/step-02-vision.md","2a4cf32b59f1dbfa397bfd9a6dfcde866e7967666c574fe6b069cde356403b23"
"md","step-03-complete","gds","gds/workflows/3-technical/generate-project-context/steps/step-03-complete.md","b33c31b630ac09ad2735a4265c5d29accab816f588fcc194b81366c2f77de20e"
"md","step-03-execute","gds","gds/workflows/gds-quick-flow/quick-dev/steps/step-03-execute.md","e9ca24a47425547c9612e8df5af214c8a91f182e665550a674ab87b07ccdbce5"
"md","step-03-generate","gds","gds/workflows/gds-quick-flow/quick-spec/steps/step-03-generate.md","2eaf1c403eabae381df15096f97f4b50cdf1e941a643e6601eda044a9df40e70"
"md","step-03-ideation","gds","gds/workflows/1-preproduction/brainstorm-game/steps/step-03-ideation.md","00be5edf29537572e616f2a2da480abfabcb995274f33adf022c6e138b852599"
"md","step-03-market","gds","gds/workflows/1-preproduction/game-brief/steps/step-03-market.md","576bbf55db723cb8350a83fd1e991059c19a90eed32c25eb7c56b2c0964f60c4"
"md","step-03-platforms","gds","gds/workflows/2-design/gdd/steps/step-03-platforms.md","971b6de4afa59d5636ac42fefbc860adbd1da6fb9d87610e23b94552547d0b1d"
"md","step-03-starter","gds","gds/workflows/3-technical/game-architecture/steps/step-03-starter.md","30c761d4ea89a9e7558354f2a67463a342fa3d3ee13b59ab80272629c1343413"
"md","step-03-story","gds","gds/workflows/2-design/narrative/steps/step-03-story.md","50207ffcef71694097700e444809163e051b0234c5b9f61b3cf839f35ffe6f03"
"md","step-04-characters","gds","gds/workflows/2-design/narrative/steps/step-04-characters.md","1e5279d9be9695fae30790975e0f6004849cc570454ee733a24a6359bcf1d4f5"
"md","step-04-complete","gds","gds/workflows/1-preproduction/brainstorm-game/steps/step-04-complete.md","94632d9992030a039d5330ab2b0788c1b9d6ecbcc518f0eaf39b53f349c7ac82"
"md","step-04-decisions","gds","gds/workflows/3-technical/game-architecture/steps/step-04-decisions.md","c85309c9bcbf53f13d51257cde28298a6967ca2d4cf532299c010736aa6f095f"
"md","step-04-fundamentals","gds","gds/workflows/1-preproduction/game-brief/steps/step-04-fundamentals.md","82cd98d798372ca157d70f81e0531855bbfbc6892a2a80730df54a905c244223"
"md","step-04-review","gds","gds/workflows/gds-quick-flow/quick-spec/steps/step-04-review.md","b0205ba1150b10ce446bc78b1bb664f5934db7b7c11da2c94b543c9bca4fa1e6"
"md","step-04-self-check","gds","gds/workflows/gds-quick-flow/quick-dev/steps/step-04-self-check.md","6c15178a3aa18d8a660c9c9d04d4434196c2b752fdaa9632109ad54b4ece2655"
"md","step-04-vision","gds","gds/workflows/2-design/gdd/steps/step-04-vision.md","be240cf61b5ae710cf9d9baca1aea7a8af55670b015c731ea512d7eff06da4cb"
"md","step-05-adversarial-review","gds","gds/workflows/gds-quick-flow/quick-dev/steps/step-05-adversarial-review.md","5ead9aaff04866ae79ca79be46d53368c5ac94ddc064600312a69a6a0fa26fef"
"md","step-05-core-gameplay","gds","gds/workflows/2-design/gdd/steps/step-05-core-gameplay.md","ae0071c72f88363635e6547bb3064cce0f9188a033e63234e21fe5ff161fcdb3"
"md","step-05-crosscutting","gds","gds/workflows/3-technical/game-architecture/steps/step-05-crosscutting.md","a527852832da1ab5dab7eb9c690028b3d1a4270048882dc7b742bcdb614c1aa4"
"md","step-05-scope","gds","gds/workflows/1-preproduction/game-brief/steps/step-05-scope.md","b7745d5691d4f9620a05a94a6d9fd5d256ed6f28e76cada6f0b1f295167227d3"
"md","step-05-world","gds","gds/workflows/2-design/narrative/steps/step-05-world.md","9be3c2bd3b2604f90162bebd1b08cea2977734cea0bb8327c43ef73a522b9019"
"md","step-06-dialogue","gds","gds/workflows/2-design/narrative/steps/step-06-dialogue.md","5b5ed27b72f31cbac6c5c14b250a06374a236dce14abe928c3a6050c31b1519e"
"md","step-06-mechanics","gds","gds/workflows/2-design/gdd/steps/step-06-mechanics.md","eb34d7d1c4fa544720679dafcf98e3462e2098b50e62f8f4e409f1b92a7c77f9"
"md","step-06-references","gds","gds/workflows/1-preproduction/game-brief/steps/step-06-references.md","6722fed91c0a09c069cba8e72287a90bf5f6c72a497e094150c292443883d2e6"
"md","step-06-resolve-findings","gds","gds/workflows/gds-quick-flow/quick-dev/steps/step-06-resolve-findings.md","afedfc749d1abc0c5a1556ec1596795afc8855732ffbf5424ff7eb6103cfeae8"
"md","step-06-structure","gds","gds/workflows/3-technical/game-architecture/steps/step-06-structure.md","c8cbf71cbf584c29a651aea4bbae8b8ae128349c744f983459f5e28d4ee609ed"
"md","step-07-content","gds","gds/workflows/1-preproduction/game-brief/steps/step-07-content.md","7fb80b029e0174d4d3ca0f9b4ce3f9826b2a2a2a16b7d5d3a6a23f9f7c875f27"
"md","step-07-environmental","gds","gds/workflows/2-design/narrative/steps/step-07-environmental.md","16945623aa28d86174df2ce3956c1b078b075420e6d304b3275e5e1df0201432"
"md","step-07-game-type","gds","gds/workflows/2-design/gdd/steps/step-07-game-type.md","2278cb4eada6d254e2fa9942ad8479c6b81d15da6b98e1f1207e7ea66607f44b"
"md","step-07-patterns","gds","gds/workflows/3-technical/game-architecture/steps/step-07-patterns.md","3f39356b319d1b2945dfc01a0c8f9048d8903944efe286c3161abdc67785d02e"
"md","step-08-complete","gds","gds/workflows/1-preproduction/game-brief/steps/step-08-complete.md","aec4903e3b4d07bf3ef0ec961e997d46f1dba296d5b7afe9c5ad3ba00374755b"
"md","step-08-delivery","gds","gds/workflows/2-design/narrative/steps/step-08-delivery.md","88c0b21bef9e150416b7bc4f3c9a92f422e975747681a8b7fe77703ceb971bbd"
"md","step-08-progression","gds","gds/workflows/2-design/gdd/steps/step-08-progression.md","f698ffea7743bc01960018a1cb947b7fecfdee82b081e57c29a19d99983847c6"
"md","step-08-validation","gds","gds/workflows/3-technical/game-architecture/steps/step-08-validation.md","c6da22c75382a54bf2018730904b657876fe4f6a3e1382ecb07cbd3934359949"
"md","step-09-complete","gds","gds/workflows/3-technical/game-architecture/steps/step-09-complete.md","0c5c44855688713c9c7d052dc5c644fb4e44633aed199467f53fe6ed9c86bb96"
"md","step-09-integration","gds","gds/workflows/2-design/narrative/steps/step-09-integration.md","b2ba1b2287da5a6a9ebea2b7c60a18402a668f5f7559300f5ec082fd11b86f94"
"md","step-09-levels","gds","gds/workflows/2-design/gdd/steps/step-09-levels.md","21e8ffbf94b03977604f9f605611c61957cdbb522074dd1a9116053c7f5ef361"
"md","step-10-art-audio","gds","gds/workflows/2-design/gdd/steps/step-10-art-audio.md","fe30124b269768818bc39ac4dbf437993abbe30607e52da1f5756236f5328e5b"
"md","step-10-production","gds","gds/workflows/2-design/narrative/steps/step-10-production.md","807da1f7f7eeb7692d4a978e7cb608139abbc66b7beb1641b69f2477ed1b622d"
"md","step-11-complete","gds","gds/workflows/2-design/narrative/steps/step-11-complete.md","fb515367fc2e2172ac030078bfc311de271dbdaeea1b2da02f5d298666d14ff4"
"md","step-11-technical","gds","gds/workflows/2-design/gdd/steps/step-11-technical.md","8a4aba5805590bfd717f3d661ce32b2c6fa6984eacda888a5971b79dbef9bbeb"
"md","step-12-epics","gds","gds/workflows/2-design/gdd/steps/step-12-epics.md","011e0663300bd38d5abbdaa25d7ce72323b9ee9665e908419e80484eb9b59d1d"
"md","step-13-metrics","gds","gds/workflows/2-design/gdd/steps/step-13-metrics.md","0699f939578d514a2f10ca35016fa872deef4ecb2f4edf67d3027107c255c486"
"md","step-14-complete","gds","gds/workflows/2-design/gdd/steps/step-14-complete.md","45e5a6cb1e624d999eff6dd1a49368c2d922c793de087ee01b543ec7a6b07212"
"md","strategy","gds","gds/workflows/2-design/gdd/game-types/strategy.md","3b453b6e3a70d65ec2428bf53195edcb5c3f194341110f4034d55c9707fac65d"
"md","survival","gds","gds/workflows/2-design/gdd/game-types/survival.md","524f50b6929bab7b10dbcc2437002cb79139188594e6d17ceb7abecd76e8b295"
"md","tech-spec-template","gds","gds/workflows/gds-quick-flow/quick-spec/tech-spec-template.md","7186c7c1a8a327b3e9598f2711666540736569f46fd0ba5751f0f2c03e5e9a01"
"md","template","gds","gds/workflows/4-production/create-story/template.md","31c35d74f9c84250b0b3574ca02c3041b243342e365e1c190a2d27b9971e9aab"
"md","test-design-template","gds","gds/workflows/gametest/test-design/test-design-template.md","cdc62ad21c1970ff99594fd8f965ca208013e5f2fe1947f08ef169d9830c6336"
"md","test-priorities","gds","gds/gametest/knowledge/test-priorities.md","ab91b9b455586553ea5bf9f991db3a88613bf6e57ca230cc9a4f713364f9799b"
"md","test-review-template","gds","gds/workflows/gametest/test-review/test-review-template.md","99166ae52604775b0f51f5a7b569fcf658803bdb57a210807bee7c10173816c5"
"md","text-based","gds","gds/workflows/2-design/gdd/game-types/text-based.md","96c1d8cd99377cbebb873c5d660534f7fbfb848f503511eb24a25fe1e25ab4bf"
"md","tower-defense","gds","gds/workflows/2-design/gdd/game-types/tower-defense.md","c53a3bcb028d93bede1926d4c4b32a84321fe0ab5238974fe855e86631030b70"
"md","turn-based-tactics","gds","gds/workflows/2-design/gdd/game-types/turn-based-tactics.md","5438cbf5fc800facfe724651821ba851231ccb1e26cd83ab658ead9a012c695d"
"md","unity-testing","gds","gds/gametest/knowledge/unity-testing.md","7e196ea43cf8b35b4b290269ec24bf49f1fdf57c81987e7a9f0aeb2a48d94b11"
"md","unreal-testing","gds","gds/gametest/knowledge/unreal-testing.md","d3d656434f9fddee65e8b0a4826067176663be2373fdcb240f5c37dcd8e11c05"
"md","visual-novel","gds","gds/workflows/2-design/gdd/game-types/visual-novel.md","c069fdf5a0bc18a129cf4ce1362e1b67b627943a0e40bdf46730e92202ea797a"
"md","workflow","gds","gds/workflows/1-preproduction/brainstorm-game/workflow.md","9b788bdd631527bf9766e9b2c22bc003f7df2f5b272bcd141a89ca57a7b3c1d2"
"md","workflow","gds","gds/workflows/1-preproduction/game-brief/workflow.md","656e8517de5e977201efa64144de27ac93407a47bd5751fb48d4061a6b3ac94d"
"md","workflow","gds","gds/workflows/2-design/gdd/workflow.md","3865569b0a4bcda8e193e7290783c18a19eab26a723b06afe693c430413d7d1a"
"md","workflow","gds","gds/workflows/2-design/narrative/workflow.md","89e157354145a1a8fa294be704c78c3a3e5e84947f35e0e504f3aff9526f0f96"
"md","workflow","gds","gds/workflows/3-technical/game-architecture/workflow.md","55ee832255287ce1b47318f47032dcde903201eb11f4e125691c3d0f48a7f0df"
"md","workflow","gds","gds/workflows/3-technical/generate-project-context/workflow.md","7bc926314bec23009ef33711ea23df20200f2d62f5e07ba06ded8540f41f3dfb"
"md","workflow","gds","gds/workflows/gds-quick-flow/quick-dev/workflow.md","314c59b04c0597ce8fbb97ff5388375077011f576ba69d0145eb6555305f3230"
"md","workflow","gds","gds/workflows/gds-quick-flow/quick-spec/workflow.md","bbec5b38ad12ed73a44da4ad72acf74048adc59bab269cd73ff9703be72edef1"
"xml","instructions","gds","gds/workflows/4-production/code-review/instructions.xml","b57416a5b98c80c82a666e0cf3249e8d6267fdde5bdb14acb04e9d4047f25f99"
"xml","instructions","gds","gds/workflows/4-production/create-story/instructions.xml","b47762d6aedd70e067e760af4a597c1560cde89dcc6114aef3f58c1826ef960f"
"xml","instructions","gds","gds/workflows/4-production/dev-story/instructions.xml","04e7d36416b9851da5203acc3cd8dd85f6d7188c953a6e42edc00deba63fe104"
"yaml","architecture-patterns","gds","gds/workflows/3-technical/game-architecture/architecture-patterns.yaml","ed3f948cb7ddd4b928bf6aa26d84695ade787f1979396f6230ea2c4cd9408ad3"
"yaml","config","gds","gds/config.yaml","fa5235c1f70da21ac41ff01e182c5e8075b528ebf3d237ec04ff8461d5a6aa1e"
"yaml","decision-catalog","gds","gds/workflows/3-technical/game-architecture/decision-catalog.yaml","ea7d7c5b13c8ce04e2e8dde7ef4273169627d66fcc3c74463e930e15cee7d6ae"
"yaml","deep-dive","gds","gds/workflows/document-project/workflows/deep-dive.yaml","5904931197ba87249957f4112659f6b634ac075735e080e91e580449938abd8c"
"yaml","engine-mcps","gds","gds/workflows/3-technical/game-architecture/engine-mcps.yaml","432213f4a4ce2b9b9946fda108bd145abdc95f1ae2e7a8a8f03103f934015557"
"yaml","full-scan","gds","gds/workflows/document-project/workflows/full-scan.yaml","c93b739508c0d8dcaff52a44acc29e39a1d8c4fb8cb6713069b183c159d1a264"
"yaml","sprint-status-template","gds","gds/workflows/4-production/sprint-planning/sprint-status-template.yaml","7bad0cc622ecbd33346d76f625333ff7c4d8aa21d48ce27075050f79a1a58065"
"yaml","team-gamedev","gds","gds/teams/team-gamedev.yaml","e85c49ac28d842a0c020a6d49a4efb5cb41db556789c14cfb3dd5bc8194b0cf1"
"yaml","workflow","gds","gds/workflows/1-preproduction/brainstorm-game/workflow.yaml","55ee54dd2b87054f43e37c8e56bed66eacb0a69b44c58153e85a2040d60b1f97"
"yaml","workflow","gds","gds/workflows/1-preproduction/game-brief/workflow.yaml","0dc07cc79b5be2b5db9b1a622c8240e0624c962c399e8a403d384eeaf41086b9"
"yaml","workflow","gds","gds/workflows/2-design/gdd/workflow.yaml","90751eae0b67aabe8bc3f56f9014d7ae2c8476d225cbb4a41c0ce0e2f4234d39"
"yaml","workflow","gds","gds/workflows/2-design/narrative/workflow.yaml","bbd3d78f0377c7c545c240a15da11786087db54c9c5bc8e89bd79196523cfe6e"
"yaml","workflow","gds","gds/workflows/3-technical/game-architecture/workflow.yaml","f71e34f3b2ea87473657151cd2d703a5633b25ed132cdb023b4318adc680dc71"
"yaml","workflow","gds","gds/workflows/4-production/code-review/workflow.yaml","54e913a7149a8d993ba511be42e85dd496060feba07ab3847c4209c0048c039c"
"yaml","workflow","gds","gds/workflows/4-production/correct-course/workflow.yaml","e17b8c5a111ee329ba967ce5d91f745b19e47f2ec0f511891f7485d1be25aaa7"
"yaml","workflow","gds","gds/workflows/4-production/create-story/workflow.yaml","7636b52f91e3a4c17d8bbafd8517cf58d1ddd7a83667d4042a1c65ebcea61e97"
"yaml","workflow","gds","gds/workflows/4-production/dev-story/workflow.yaml","dae9088bbbe813cbf1e89bfb4fa65d1f503f3ec68ab0b3c017f81bd8be103843"
"yaml","workflow","gds","gds/workflows/4-production/retrospective/workflow.yaml","c35fa8c116e9f7f9b37fcf2b7ddea754bed503bed913ea453b3b2fa2fa3efcd3"
"yaml","workflow","gds","gds/workflows/4-production/sprint-planning/workflow.yaml","0ea95cf007cdfc7920e18abeef5dbfbfa7e15f2fb48af887615ea6169c61ff2a"
"yaml","workflow","gds","gds/workflows/4-production/sprint-status/workflow.yaml","e493f645916a8db0ad0c7fd2d66cdb4c571cc61a8f40ef602e2e578855e02479"
"yaml","workflow","gds","gds/workflows/document-project/workflow.yaml","339f1e039c9399f8e6fc0a11ad903fad6bb641df558f0389bafeaf339eeef419"
"yaml","workflow","gds","gds/workflows/gametest/automate/workflow.yaml","130b3978a96a657039c245703468c08b4b67ebb7043ebcebf99fc57d88f17aae"
"yaml","workflow","gds","gds/workflows/gametest/e2e-scaffold/workflow.yaml","461150157c138bcc404088e7948b3daa66921e9689b0213f2f1f4cadcadf7b57"
"yaml","workflow","gds","gds/workflows/gametest/performance/workflow.yaml","e60df1dfe1b799f44cb8a7f9313eb512a69a48df7eb6e6731501ec95b41c439b"
"yaml","workflow","gds","gds/workflows/gametest/playtest-plan/workflow.yaml","1b0a6d4a2abb3d61ec3a63bbaadb261e6767d3999dd726baaeceb74149e33b38"
"yaml","workflow","gds","gds/workflows/gametest/test-design/workflow.yaml","108cde4e7ee5a6dd67e20d2e8c895eb69d828e95227b6345fe59899944f6a55b"
"yaml","workflow","gds","gds/workflows/gametest/test-framework/workflow.yaml","3e660777b9f28ac903ebc09403f7ebcdf2ba392e245b9bf146cfc4be76488d4f"
"yaml","workflow","gds","gds/workflows/gametest/test-review/workflow.yaml","714bc9f8aba33da264e1765e7a052b17c490cb85af5d26f419005fc4b56e0902"
